{"36863.0": {"id": "36863.0", "parentId": null, "relation": null, "votes": null, "text": ""}, "36863.3": {"id": "36863.3", "parentId": "36863.0", "relation": 0, "votes": [0, 1, 0, 0, 0], "text": "Employees should be banned from discussing politics at work."}, "36863.11": {"id": "36863.11", "parentId": "36863.3", "relation": 1, "votes": [0, 0, 1, 0, 2], "text": "Discussing politics at work creates a hostile work environment.", "score": 3.333333333333333, "volume": 3}, "36863.13": {"id": "36863.13", "parentId": "36863.3", "relation": 1, "votes": [0, 0, 0, 1, 2], "text": "Discussing politics at work lowers productivity.", "score": 3.666666666666667, "volume": 3}, "36863.17": {"id": "36863.17", "parentId": "36863.11", "relation": 1, "votes": [0, 0, 0, 1, 0], "text": "Since many people have different political leanings, employees are likely to have disagreements in the workplace which would create animosity among them."}, "36863.19": {"id": "36863.19", "parentId": "36863.17", "relation": 1, "votes": null, "text": "Politics is very personal and people tend to hold their beliefs extremely strongly. Therefore, people tend to take political attacks [personally](https://www.vox.com/science-and-health/2016/12/28/14088992/brain-study-change-minds)."}, "36863.23": {"id": "36863.23", "parentId": "36863.17", "relation": 1, "votes": null, "text": "Politics does not make for good work conversation since people are unlikely to change their [opinions](https://medium.com/\\@BrianBeckcom/why-people-dont-can-t-change-their-minds-about-politics-even-when-they-know-they-are-wrong-af80dffa1c15) after having a discussion about it."}, "36863.25": {"id": "36863.25", "parentId": "36863.21", "relation": 1, "votes": null, "text": "It is likely that many employees share the same political opinions. Discussing politics allows employees to find [like-minded people](https://news.ku.edu/2016/02/19/new-study-finds-our-desire-minded-others-hard-wired-controls-friend-and-partner) and strengthen their relationship with them."}, "36863.27": {"id": "36863.27", "parentId": "36863.25", "relation": -1, "votes": null, "text": "If there are employees who share the same political opinions, there will be many employees who don't. This is likely to lead to multiple groupings and echo chambers in the workplace."}, "36863.29": {"id": "36863.29", "parentId": "36863.25", "relation": -1, "votes": null, "text": "It is extremely difficult for people to have completely similar opinions on all political issues."}, "36863.33": {"id": "36863.33", "parentId": "36863.17", "relation": -1, "votes": null, "text": "Employees can learn how to have conversations around politics in a productive manner."}, "36863.35": {"id": "36863.35", "parentId": "36863.33", "relation": 1, "votes": null, "text": "Employees can assess if another employee is [open](https://hbr.org/2016/09/should-you-talk-about-politics-at-work) to conversation about politics. Therefore, they can choose to initiate conversations surrounding politics with those who are comfortable with it."}, "36863.37": {"id": "36863.37", "parentId": "36863.33", "relation": 1, "votes": null, "text": "While having a conversation about politics, employees can make an effort to understand where other employees are [coming from](https://hbr.org/2016/09/should-you-talk-about-politics-at-work). This makes the conversation more welcoming."}, "36863.39": {"id": "36863.39", "parentId": "36863.25", "relation": 1, "votes": null, "text": "Opening up to colleagues who share your viewpoints makes it easy for you to be your [truest self](https://www.forbes.com/sites/shelcyvjoseph/2019/06/27/should-you-discuss-politics-at-work/#58f14fa1135c) at work."}, "36863.41": {"id": "36863.41", "parentId": "36863.141", "relation": -1, "votes": null, "text": "The political landscape is extremely [polarized](https://people.howstuffworks.com/what-happens-polarized-us-political-system-now.htm). Therefore, the chances of disagreements and hostility are significantly high."}, "36863.21": {"id": "36863.21", "parentId": "36863.3", "relation": -1, "votes": [2, 0, 0, 0, 0], "text": "Discussing politics at work strengthens relationships among employees.", "score": 0.0, "volume": 2}, "36863.46": {"id": "36863.46", "parentId": "36863.44", "relation": 1, "votes": null, "text": "Reports concluded that [87%](https://blogs.scientificamerican.com/anthropology-in-practice/the-impact-of-politics-on-workplace-productivity/) of employees viewed social media posts of a political nature at work."}, "36863.52": {"id": "36863.52", "parentId": "36863.13", "relation": 1, "votes": null, "text": "During the 2016 Presidential election campaign season, a survey of the U.S. workforce found that [one in four employees](https://hbr.org/2017/03/navigating-political-talk-at-work) were negatively impacted by political conversations at work."}, "36863.54": {"id": "36863.54", "parentId": "36863.21", "relation": -1, "votes": null, "text": "Employees can have a negative view of coworkers and feel more [isolated](https://smallbusiness.co.uk/politics-affect-employees-2535604/) from them."}, "36863.56": {"id": "36863.56", "parentId": "36863.13", "relation": -1, "votes": null, "text": "Many people are [stressed](https://www.apa.org/news/press/releases/2017/02/stressed-nation) by the political climate of their country. Discussing these issues at work allows employees to vent and share their concerns. This is likely to reduce [stress](https://www.goodtherapy.org/blog/study-confirms-sharing-shared-feelings-reduces-stress-0204141) and, consequently, increase productivity."}, "36863.62": {"id": "36863.62", "parentId": "36863.11", "relation": -1, "votes": null, "text": "If disagreements can create a hostile environment, there will be other issues being discussed which could create disagreement. Therefore, discussing politics does not create a hostile environment but intolerant people do."}, "36863.64": {"id": "36863.64", "parentId": "36863.62", "relation": 1, "votes": null, "text": "People could disagree on issues that are work-specific. Yet, it would be unreasonable to ban discussions related to work."}, "36863.66": {"id": "36863.66", "parentId": "36863.62", "relation": -1, "votes": null, "text": "If there are already a set number of issues people will disagree on, it is unreasonable to add another issue to the mix that makes the problem worse."}, "36863.68": {"id": "36863.68", "parentId": "36863.60", "relation": -1, "votes": null, "text": "If employees are allowed to discuss politics at work, it acts as an incentive for them to become politically aware. This reduces the chances of their coworkers being annoyed at them."}, "36863.70": {"id": "36863.70", "parentId": "36863.68", "relation": 1, "votes": null, "text": "Expressing educated political opinions allow employees to bond with others, making it easier to make work friends."}, "36863.72": {"id": "36863.72", "parentId": "36863.68", "relation": 1, "votes": null, "text": "If politically unaware employees are dragged in political conversations at work, they are likely to come off as unintelligent. To prevent themselves from feeling ashamed, they are likely to make efforts to become more politically aware."}, "36863.74": {"id": "36863.74", "parentId": "36863.68", "relation": -1, "votes": null, "text": "Employees already have limited time on their hands after work. It is unlikely they will use their free time to read up on politics."}, "36863.76": {"id": "36863.76", "parentId": "36863.74", "relation": 1, "votes": null, "text": "Many employees have families which they need to spend time with."}, "36863.78": {"id": "36863.78", "parentId": "36863.74", "relation": 1, "votes": null, "text": "Working hours are already fairly [long](https://www.nber.org/digest/jul06/w11895.html) and take up most of employees' time during the day."}, "36863.80": {"id": "36863.80", "parentId": "36863.74", "relation": -1, "votes": null, "text": "Reading up on politics can be a fun exercise and not burdensome."}, "36863.84": {"id": "36863.84", "parentId": "36863.25", "relation": 1, "votes": null, "text": "After work, like-minded employees can attend the same rallies or protests which is likely to strengthen their relationship."}, "36863.92": {"id": "36863.92", "parentId": "36863.64", "relation": -1, "votes": null, "text": "Politics is seen as something [personal](https://www.apa.org/monitor/2019/11/cover-politics) as opposed to work."}, "36863.96": {"id": "36863.96", "parentId": "36863.94", "relation": 1, "votes": null, "text": "[3 in 5](https://library.glassdoor.com/c/politics-at-work-survey?x=1fbpBp) employees are against discussing politics at work."}, "36863.98": {"id": "36863.98", "parentId": "36863.94", "relation": -1, "votes": null, "text": "Even though many US employees believe political discussions are unacceptable at work, [57%](https://library.glassdoor.com/c/politics-at-work-survey?x=1fbpBp) tend to discuss politics at work. This proves that the majority of people actually want to have political conversations at work."}, "36863.100": {"id": "36863.100", "parentId": "36863.98", "relation": -1, "votes": null, "text": "It could be the case that employees were roped into political conversations even when they did not want to have them."}, "36863.102": {"id": "36863.102", "parentId": "36863.17", "relation": 1, "votes": null, "text": "Many employees feel that they are coerced into changing their political leanings."}, "36863.104": {"id": "36863.104", "parentId": "36863.102", "relation": 1, "votes": null, "text": "According to research, over [1 in 4](https://www.glassdoor.com/employers/blog/politics-in-the-workplace-do-you-need-a-policy/) US employees have said that their colleagues want them to stop supporting the political parties they currently support."}, "36863.108": {"id": "36863.108", "parentId": "36863.21", "relation": -1, "votes": null, "text": "Many employees would not be comfortable discussing politics with people in more senior positions than them since it could harm their career opportunities."}, "36863.110": {"id": "36863.110", "parentId": "36863.108", "relation": 1, "votes": null, "text": "According to research, [60%](https://www.cnbc.com/2020/02/10/60percent-of-workers-say-political-talk-at-work-is-unacceptable-but-57percent-do.html) of employees believe that political conversations at work could harm their career prospects."}, "36863.112": {"id": "36863.112", "parentId": "36863.11", "relation": 1, "votes": [0, 0, 1, 0, 0], "text": "Many employees would leave their work if they found out that their colleagues had different political opinions than them."}, "36863.106": {"id": "36863.106", "parentId": "36863.112", "relation": 1, "votes": null, "text": "According to research, [1 in 5](https://www.glassdoor.com/blog/app/uploads/sites/2/20-02-03-Politics-at-Work-Fact-Sheet-Glassdoor.pdf) US employees have expressed interest to not work with a colleague who would vote for a presidential candidate they oppose."}, "36863.115": {"id": "36863.115", "parentId": "36863.112", "relation": -1, "votes": null, "text": "According to research, [67%](https://www.glassdoor.com/blog/the-dos-donts-of-politics-at-work/) of US employees would actually want to be employed at an organization which supports a different political party than they do."}, "36863.117": {"id": "36863.117", "parentId": "36863.112", "relation": 1, "votes": null, "text": "Research shows that [1 in 4](https://library.glassdoor.com/c/politics-at-work-survey?x=1fbpBp) US employees might think about leaving an organization if the majority of their colleagues supported different political parties than they do."}, "36863.119": {"id": "36863.119", "parentId": "36863.106", "relation": -1, "votes": null, "text": "Politics can be discussed at work without disclosing personal preferences for specific candidates."}, "36863.121": {"id": "36863.121", "parentId": "36863.50", "relation": -1, "votes": null, "text": "This estimate refers to workers who watched or otherwise paid attention to the nomination testimony of Kavanaugh. This does not necessarily include discussions of politics at work. Even where they don't happen, workers might have paid attention to the testimony instead of their work."}, "36863.123": {"id": "36863.123", "parentId": "36863.50", "relation": -1, "votes": null, "text": "Hardly any political events draw attention and distract from work like the nomination testimony did. The [cited article](https://www.theguardian.com/business/2018/sep/29/work-productivity-brett-kavanaugh-supreme-court-nomination), thus, compares it to other extraordinary events, for example the Super Bowl. Events of this kind are not representative of how distracting discussion about politics usually are."}, "36863.125": {"id": "36863.125", "parentId": "36863.52", "relation": -1, "votes": null, "text": "It is questionable whether the situation during the election campaign in 2016 is representative of the effects that political discussions ordinarily have at work."}, "36863.127": {"id": "36863.127", "parentId": "36863.125", "relation": 1, "votes": null, "text": "Presidential election campaigns happen every four years in the United States and draw attention like few other political events. That makes them and their effects outliers."}, "36863.129": {"id": "36863.129", "parentId": "36863.125", "relation": 1, "votes": null, "text": "The election campaign in 2016 was especially controversial and might have led to political discussions that were more stressful than in other years. Half the respondents in the [cited survey](https://www.apa.org/news/press/releases/2016/09/employees-political-talk), therefore, indicated that they were more likely to discuss politics during that election season than in the past."}, "36863.131": {"id": "36863.131", "parentId": "36863.3", "relation": -1, "votes": [2, 0, 0, 0, 0], "text": "A ban on discussing politics contradicts how a democracy should function.", "score": 0.0, "volume": 2}, "36863.133": {"id": "36863.133", "parentId": "36863.131", "relation": 1, "votes": null, "text": "Democratic countries generally guarantee their citizens the right to freely express themselves. The workplace is no exception to that."}, "36863.137": {"id": "36863.137", "parentId": "36863.44", "relation": -1, "votes": null, "text": "There are many things important to people's lives - like engaging in hobbies. Yet, they aren't allowed in the workplace because of their detrimental impacts."}, "36863.139": {"id": "36863.139", "parentId": "36863.137", "relation": -1, "votes": null, "text": "There is a clear difference between discussing politics, which can be done while working and without necessarily impacting productivity, and hobbies that fully occupy one's attention."}, "36863.141": {"id": "36863.141", "parentId": "36863.11", "relation": -1, "votes": null, "text": "Whether discussions about politics create a hostile work environment depends heavily on the context and the way in which they happen. Per se, they do not create a hostile environment."}, "36863.143": {"id": "36863.143", "parentId": "36863.141", "relation": 1, "votes": null, "text": "In companies where employees largely share the same political opinions, discussing them will hardly result in a hostile environment."}, "36863.145": {"id": "36863.145", "parentId": "36863.17", "relation": 1, "votes": null, "text": "A [survey](https://www.cnbc.com/2019/11/13/42percent-of-american-workers-say-they-have-fought-about-politics-at-work.html) of US employees from 2019 indicates that one third consider their workplace not inclusive of different political perspectives."}, "36863.147": {"id": "36863.147", "parentId": "36863.161", "relation": 1, "votes": null, "text": "Democracy relies on a lively political discourse through which citizens can form and exchange opinions. Banning discussions of politics at work goes against that."}, "36863.149": {"id": "36863.149", "parentId": "36863.147", "relation": 1, "votes": null, "text": "People spend most of their waking hours at work. Excluding this space from the political discourse is therefore highly problematic."}, "36863.151": {"id": "36863.151", "parentId": "36863.149", "relation": 1, "votes": null, "text": "Political discussions at home are becoming more and more difficult as the share of people living alone is rising. In both the [US](https://www.census.gov/library/visualizations/2019/comm/one-person-households.html) and [Europe](https://ec.europa.eu/eurostat/web/products-eurostat-news/-/DDN-20180706-1?inheritRedirect=true), about one-third of households are single-person."}, "36863.153": {"id": "36863.153", "parentId": "36863.147", "relation": 1, "votes": null, "text": "Discussions about politics at work present one of the few opportunities to encounter and engage with different political opinions. This opportunity should not be banned."}, "36863.156": {"id": "36863.156", "parentId": "36863.153", "relation": 1, "votes": null, "text": "Outside work, people generally spend time with others who share the same or similar political attitudes."}, "36863.158": {"id": "36863.158", "parentId": "36863.156", "relation": 1, "votes": null, "text": "Surveys from the United States [illustrate](https://edition.cnn.com/2017/10/05/politics/friends-political-party/index.html) that most people have barely any friends who associate with the opposing one of the two major parties."}, "36863.161": {"id": "36863.161", "parentId": "36863.13", "relation": -1, "votes": null, "text": "Productivity should not be seen as a supreme value, and especially so in a democracy."}, "36863.164": {"id": "36863.164", "parentId": "36863.3", "relation": -1, "votes": [0, 1, 0, 0, 2], "text": "A ban on discussing politics is impossible to implement in a way that does not create new problems.", "score": 3.0, "volume": 3}, "36863.166": {"id": "36863.166", "parentId": "36863.384", "relation": 1, "votes": null, "text": "It is impossible to define what constitutes 'politics' and what does not. Therefore, it is better to err on the side of caution and not implement a ban."}, "36863.168": {"id": "36863.168", "parentId": "36863.166", "relation": 1, "votes": [0, 0, 1, 0, 0], "text": "Every aspect of modern life relates to and is influenced by politics. Discussions of just about every topic can therefore have a political dimension."}, "36863.170": {"id": "36863.170", "parentId": "36863.164", "relation": 1, "votes": [0, 0, 0, 1, 0], "text": "It is difficult to define where 'at work' begins and ends, for example with an eye on lunch breaks, training, business trips, but also larger issues such as freelancing."}, "36863.172": {"id": "36863.172", "parentId": "36863.166", "relation": 1, "votes": [0, 0, 0, 0, 1], "text": "Many discussions can be interpreted as both political and non-political; this categorization is therefore oftentimes subjective."}, "36863.174": {"id": "36863.174", "parentId": "36863.172", "relation": 1, "votes": [0, 0, 0, 0, 1], "text": "For example, if an employee discusses with colleagues that they would like to be addressed with a specific gender pronoun, this could be interpreted as a personal matter or as an expression of a larger political issue."}, "36863.176": {"id": "36863.176", "parentId": "36863.170", "relation": 1, "votes": null, "text": "This issue is becoming [increasingly relevant](https://www.lrb.co.uk/the-paper/v41/n23/katrina-forrester/what-counts-as-work) as employment in a traditional sense is becoming less prevalent, for example through the rise of the [gig economy](https://en.wikipedia.org/wiki/Gig_worker)."}, "36863.180": {"id": "36863.180", "parentId": "36863.164", "relation": 1, "votes": [0, 0, 0, 0, 1], "text": "In order to implement this ban consistently and fairly, the interactions and conversations of workers would have to be monitored. This is not feasible or ethical."}, "36863.178": {"id": "36863.178", "parentId": "36863.166", "relation": -1, "votes": [0, 0, 1, 0, 0], "text": "While difficult to define, people can be assumed to recognize discussions of politics when they see them, similar to how this has [famously been argued](https://www.mtsu.edu/first-amendment/article/392/jacobellis-v-ohio) for obscenity."}, "36863.185": {"id": "36863.185", "parentId": "36863.180", "relation": 1, "votes": null, "text": "If the ban is enforced through punishments, it has to rely on evidence. Acquiring reliable evidence in such instances is difficult."}, "36863.187": {"id": "36863.187", "parentId": "36863.172", "relation": 1, "votes": [0, 0, 0, 1, 0], "text": "For example, if employees make fun of a politician's looks, this can be interpreted as a discussion of unpolitical superficialities or as an expression of political stances."}, "36863.189": {"id": "36863.189", "parentId": "36863.60", "relation": -1, "votes": null, "text": "This is less an issue of a company's stance on discussing politics at work and more an issue of individual employees making the questionable choice to participate in discussions they should rather stay out of."}, "36863.191": {"id": "36863.191", "parentId": "36863.62", "relation": -1, "votes": null, "text": "Few issues are as divisive and get as personal as politics since it is tied up with [personal and group identities](https://www.apa.org/monitor/2019/11/cover-politics). This isn't the case for many other issues."}, "36863.193": {"id": "36863.193", "parentId": "36863.161", "relation": 1, "votes": null, "text": "From the standpoint of pure productivity, all conversations that are not related to work should be banned. This is a stance hardly anyone would support."}, "36863.196": {"id": "36863.196", "parentId": "36863.164", "relation": -1, "votes": [0, 1, 0, 0, 0], "text": "The difficulties of implementing the ban and the new problems it creates might be outweighed by the positive consequences of the ban."}, "36863.198": {"id": "36863.198", "parentId": "36863.166", "relation": 1, "votes": [0, 0, 0, 1, 0], "text": "Many issues that directly relate to work are inherently political, such as the political context of labor regulations, unionization and safety standards."}, "36863.200": {"id": "36863.200", "parentId": "36863.196", "relation": 1, "votes": null, "text": "Other forms of behavior that are notoriously hard to define and prove, for example gender discrimimination and unfair dismissals, are banned because this ban is seen as worth it no matter what."}, "36863.202": {"id": "36863.202", "parentId": "36863.11", "relation": -1, "votes": null, "text": "Most people do not discuss politics with people they are not familiar with. Colleagues are likely to discuss politics with those they're comfortable with. It is therefore unlikely that the freedom to talk politics at work would create a hostile environment."}, "36863.204": {"id": "36863.204", "parentId": "36863.202", "relation": 1, "votes": null, "text": "Surveys [indicate](https://www.people-press.org/2019/06/19/the-publics-level-of-comfort-talking-politics-and-trump/) that Americans are cautious of and not very comfortable with talking about politics with people they do not know well."}, "36863.94": {"id": "36863.94", "parentId": "36863.206", "relation": 1, "votes": null, "text": "Most US employees believe that political discussions are unacceptable at work."}, "36863.90": {"id": "36863.90", "parentId": "36863.206", "relation": -1, "votes": null, "text": "Research shows [60%](https://www.reed.co.uk/recruiter-advice/is-it-ok-to-talk-about-politics-in-the-workplace/) of UK workers believe that having political conversations at work is acceptable."}, "36863.82": {"id": "36863.82", "parentId": "36863.21", "relation": -1, "votes": null, "text": "Many people are not prepared to [listen](https://www.themuse.com/advice/the-8-new-golden-rules-of-discussing-politics-at-work-without-getting-into-fights) to other opinions and might simply want to convince others that their point is correct. This is likely to irritate other employees."}, "36863.60": {"id": "36863.60", "parentId": "36863.21", "relation": -1, "votes": null, "text": "When employees with [uninformed](https://www.themuse.com/advice/the-8-new-golden-rules-of-discussing-politics-at-work-without-getting-into-fights) political opinions take part in conversations, that is likely to annoy politically informed employees."}, "36863.213": {"id": "36863.213", "parentId": "36863.189", "relation": -1, "votes": null, "text": "Employees might find it difficult to stay out of political conversations as they might be peer pressured into them."}, "36863.215": {"id": "36863.215", "parentId": "36863.189", "relation": 1, "votes": null, "text": "It is not the fault of the company that employees are not self aware enough to disengage from political conversations they have little knowledge about."}, "36863.217": {"id": "36863.217", "parentId": "36863.180", "relation": 1, "votes": null, "text": "Monitoring the conversations of employees is invasive of their privacy."}, "36863.219": {"id": "36863.219", "parentId": "36863.161", "relation": -1, "votes": null, "text": "Productivity is essential for companies since it is directly tied to their profits."}, "36863.221": {"id": "36863.221", "parentId": "36863.217", "relation": 1, "votes": null, "text": "This is likely to make workers extremely uncomfortable and heighten existing mental health problems employees might have, such as anxiety."}, "36863.223": {"id": "36863.223", "parentId": "36863.183", "relation": 1, "votes": null, "text": "Workers might register false complaints against colleagues they dislike so that they may be punished."}, "36863.225": {"id": "36863.225", "parentId": "36863.180", "relation": -1, "votes": null, "text": "Currently, employers are legally allowed to monitor a significant proportion of employee's communication at work. Therefore, it is not unreasonable to assume employers can monitor employees' private communication at work as well."}, "36863.227": {"id": "36863.227", "parentId": "36863.225", "relation": 1, "votes": null, "text": "Employers can only [legally](https://www.govdocs.com/do-employees-have-any-privacy-at-work/) monitor a \"worker\u2019s e-mail, text messages and website visits that take place on a company-owned device or network\"."}, "36863.229": {"id": "36863.229", "parentId": "36863.225", "relation": -1, "votes": null, "text": "Legally, employers are [barred](https://www.govdocs.com/do-employees-have-any-privacy-at-work/) from either listening to or recording their employees' conversations without their consent."}, "36863.231": {"id": "36863.231", "parentId": "36863.170", "relation": -1, "votes": null, "text": "Although loopholes are likely to exist, companies mitigate them by mandating that no conversation involving politics can take place inside the premises of the workplace, on work-mandated communication channels or on work-related events and trips."}, "36863.58": {"id": "36863.58", "parentId": "36863.131", "relation": -1, "votes": [0, 1, 0, 0, 0], "text": "Even in a democracy, people's freedom of expression is often limited when it negatively impacts others."}, "36863.234": {"id": "36863.234", "parentId": "36863.58", "relation": 1, "votes": null, "text": "The Canadian Supreme Court held that threats of physical violence fell outside the realm of protected speech since they have the capacity to escalate violence and be injurious to others \\([p. 14](https://www.loc.gov/law/help/freedom-expression/limits-expression.pdf)\\)."}, "36863.236": {"id": "36863.236", "parentId": "36863.131", "relation": -1, "votes": [0, 0, 0, 1, 0], "text": "If the ban is imposed by employers and explicitly stipulated in the contract before hiring, then it is not undemocratic as the employees voluntarily enter the agreement."}, "36863.238": {"id": "36863.238", "parentId": "36863.236", "relation": 1, "votes": null, "text": "There are precedents within democracies for people being able to voluntarily sign away certain rights within private agreements."}, "36863.240": {"id": "36863.240", "parentId": "36863.238", "relation": 1, "votes": null, "text": "It is possible for people to sign away their right to pursue [lawsuits](https://smallbusiness.chron.com/rights-after-signing-legal-contract-69546.html)."}, "36863.242": {"id": "36863.242", "parentId": "36863.238", "relation": 1, "votes": null, "text": "It is possible to sign away rights to [free trade](https://smallbusiness.chron.com/rights-after-signing-legal-contract-69546.html) by entering into exclusive contracts with certain suppliers or buyers."}, "36863.244": {"id": "36863.244", "parentId": "36863.58", "relation": 1, "votes": null, "text": "In France, the right to free speech does not include the right to deny the Holocaust or other crimes against humanity \\([p. 24](https://www.loc.gov/law/help/freedom-expression/limits-expression.pdf)\\). The denial of these crimes can cause feelings of suffering and trauma for survivors \\(and their descendants\\) of these crimes."}, "36863.246": {"id": "36863.246", "parentId": "36863.58", "relation": -1, "votes": null, "text": "None of the examples of the limits on free speech in a democracy are comparable to this case: there is no universal harm in the civil discussion of politics."}, "36863.248": {"id": "36863.248", "parentId": "36863.168", "relation": 1, "votes": [0, 0, 0, 1, 0], "text": "One of the largest problems in the modern world is that of inequality, which is a deeply [political](https://www.thebrokeronline.eu/inequality-a-political-problem-requiring-a-political-solution/) issue."}, "36863.250": {"id": "36863.250", "parentId": "36863.168", "relation": 1, "votes": [0, 0, 0, 0, 1], "text": "For [sexual minorities](https://en.wikipedia.org/wiki/Transgender_rights_movement), their very identity and rights are a hotly debated political issue."}, "36863.252": {"id": "36863.252", "parentId": "36863.168", "relation": -1, "votes": [0, 0, 1, 0, 0], "text": "Even if all topics are somewhat political, it is possible to engage in discussions about them without direct references to political institutions such as parties, government, and policy."}, "36863.254": {"id": "36863.254", "parentId": "36863.221", "relation": 1, "votes": null, "text": "Excessive workplace surveillance has been shown to lead to increased stress and general health problems \\([p. 60](http://docs.manupatra.in/newsline/articles/Upload/56434654-F42C-433A-9506-C243B5A8EE73.pdf)\\)."}, "36863.258": {"id": "36863.258", "parentId": "36863.149", "relation": 1, "votes": null, "text": "Americans work an average of [8.5 hours a day](https://www.thebalancecareers.com/what-is-the-average-hours-per-week-worked-in-the-us-2060631#average-hours-per-day-worked-us). To be denied access to political discussion at work is therefore meaningfully equivalent to being unable to discuss politics for a third of their working lives."}, "36863.260": {"id": "36863.260", "parentId": "36863.125", "relation": -1, "votes": null, "text": "Even if it was not entirely representative, it demonstrates the capacity for political discussions to be disruptive to the work environment."}, "36863.265": {"id": "36863.265", "parentId": "36863.263", "relation": 1, "votes": null, "text": "A [survey](https://www.cnbc.com/2018/03/29/why-having-friends-at-work-is-so-crucial-for-your-success.html) of 33,000 workers in the tech industry found that over half of them had made a best friend at work."}, "36863.267": {"id": "36863.267", "parentId": "36863.112", "relation": -1, "votes": null, "text": "This is not necessarily a bad thing, as it allows employees to make more informed moral choices about the people they associate with."}, "36863.269": {"id": "36863.269", "parentId": "36863.29", "relation": 1, "votes": null, "text": "For many people in the pro-life camp on abortion, the views of the pro-choice camp are [repugnant](https://www.foxnews.com/opinion/dr-kent-ingle-pro-abortion-bills-across-country-are-inhumane-repugnant-and-vile), and they would probably prefer to not have to be in constant contact with such people."}, "36863.271": {"id": "36863.271", "parentId": "36863.200", "relation": -1, "votes": null, "text": "Political discussion and its attendant harms do not compare to the injustice of gender discrimination or unfair dismissal, and should not be held to the same standard."}, "36863.273": {"id": "36863.273", "parentId": "36863.161", "relation": -1, "votes": null, "text": "Productivity helps increase economic growth, which is ultimately beneficial to everyone."}, "36863.275": {"id": "36863.275", "parentId": "36863.273", "relation": -1, "votes": null, "text": "The benefits of growth are often spread in a highly [unequal](https://www.economist.com/united-states/2019/03/14/the-benefits-of-americas-hot-economy-have-been-unevenly-spread) fashion throughout society."}, "36863.281": {"id": "36863.281", "parentId": "36863.141", "relation": 1, "votes": null, "text": "Given that employees expect to see their coworkers daily and consequently expect the relationship to be one which lasts for some time, they are unlikely to have political conversations in a manner which unnecessarily antagonizes their coworkers."}, "36863.285": {"id": "36863.285", "parentId": "36863.200", "relation": -1, "votes": null, "text": "Discrimination and unfair dismissals are always offensive and violate laws. The same cannot be said about political discussions. This comparison is therefore flawed."}, "36863.287": {"id": "36863.287", "parentId": "36863.267", "relation": -1, "votes": null, "text": "This is harmful for the company as it will possibly lose valuable employees."}, "36863.279": {"id": "36863.279", "parentId": "36863.44", "relation": -1, "votes": null, "text": "Political discourse can always occur outside the workplace."}, "36863.48": {"id": "36863.48", "parentId": "36863.279", "relation": 1, "votes": null, "text": "If politics is an important part of employees' lives, they can still discuss it with family, friends and on multiple platforms online."}, "36863.292": {"id": "36863.292", "parentId": "36863.252", "relation": 1, "votes": null, "text": "Here, for example, is a purely moral discussion on [abortion](http://www.bbc.co.uk/ethics/abortion/philosophical/introduction.shtml)."}, "36863.296": {"id": "36863.296", "parentId": "36863.13", "relation": -1, "votes": [1, 0, 0, 0, 0], "text": "[55%](https://facilityexecutive.com/2019/08/do-political-discussions-affect-productivity/) of employees do not believe that discussing politics has any negative impact on productivity."}, "36863.298": {"id": "36863.298", "parentId": "36863.33", "relation": -1, "votes": null, "text": "There is no guarantee that employees will attempt to have these productive conversations."}, "36863.303": {"id": "36863.303", "parentId": "36863.52", "relation": 1, "votes": null, "text": "The survey found that employees believed[stress and increased negativity](https://hbr.org/2017/03/navigating-political-talk-at-work) were caused by political discussions at work."}, "36863.305": {"id": "36863.305", "parentId": "36863.19", "relation": 1, "votes": null, "text": "A [survey](https://www.theatlantic.com/business/archive/2017/02/work-politics/516120/) found that nearly 50% of workers reported seeing a political conversation transform into an argument during work."}, "36863.307": {"id": "36863.307", "parentId": "36863.64", "relation": -1, "votes": null, "text": "Disagreements on work could lead to [innovative](http://bwpeople.businessworld.in/article/Encouraging-Disagreements-at-Your-Workplace-could-Lead-to-More-Innovations/08-05-2018-148574/) new strategies to reduce efficiency and make better policy. Discussions on politics would have no comparable benefit."}, "36863.309": {"id": "36863.309", "parentId": "36863.153", "relation": 1, "votes": null, "text": "Political disagreements are highly important, as they create voters who are less likely to blindly toe a [party line](https://blogs.lse.ac.uk/usappblog/2019/07/26/people-who-experience-political-disagreement-with-those-who-are-close-to-them-are-less-likely-to-follow-the-party-line/)."}, "36863.311": {"id": "36863.311", "parentId": "36863.153", "relation": 1, "votes": null, "text": "Voters who have experienced political disagreement are likelier to make their decisions on the basis of [facts and reasoning](https://blogs.lse.ac.uk/usappblog/2019/07/26/people-who-experience-political-disagreement-with-those-who-are-close-to-them-are-less-likely-to-follow-the-party-line/), rather than bursts of partisan emotion."}, "36863.313": {"id": "36863.313", "parentId": "36863.11", "relation": -1, "votes": null, "text": "Open disagreements and conflict are [not always bad](https://www.entrepreneur.com/article/238993) - they can help to clear out negative dynamics and create resolution, allowing coworkers to move forward."}, "36863.315": {"id": "36863.315", "parentId": "36863.133", "relation": 1, "votes": null, "text": "In the United States, the freedom of speech is enshrined [in the First Amendment](https://en.wikipedia.org/wiki/Freedom_of_speech_in_the_United_States) to the constitution."}, "36863.135": {"id": "36863.135", "parentId": "36863.315", "relation": -1, "votes": null, "text": "In the United States, the protection of free speech as laid out in the First Amendment [does not](https://www.govdocs.com/talking-politics-at-work-protected-free-speech/) necessarily cover work places. It merely prevents the government from implementing laws that restrict free speech."}, "36863.322": {"id": "36863.322", "parentId": "36863.320", "relation": -1, "votes": null, "text": "It is common and generally accepted that countries will implement provisions of treaties [with reservations](https://en.wikipedia.org/wiki/Reservation_\\(law\\)). For example, if such provisions interfere with other legal frameworks or national law, they will not be implemented."}, "36863.183": {"id": "36863.183", "parentId": "36863.185", "relation": 1, "votes": null, "text": "Without monitoring, the implementation of the ban would rely on complaints by workers. This is bound to result in an inconsistent and unfair implementation."}, "36863.327": {"id": "36863.327", "parentId": "36863.202", "relation": 1, "votes": null, "text": "If employees have controversial political conversations with coworkers they are comfortable with, it is unlikely those coworkers will get offended."}, "36863.88": {"id": "36863.88", "parentId": "36863.206", "relation": -1, "votes": null, "text": "According to research, [52%](https://www.reed.co.uk/recruiter-advice/is-it-ok-to-talk-about-politics-in-the-workplace/) of employees in the UK said that they would happily have a conversation with their colleagues about whom they voted for."}, "36863.331": {"id": "36863.331", "parentId": "36863.313", "relation": -1, "votes": null, "text": "A negative team dynamic in the workplace is likely to exist because of reasons other than employees' political opinions. Having disagreements over politics is unlikely to improve team dynamics."}, "36863.333": {"id": "36863.333", "parentId": "36863.331", "relation": 1, "votes": null, "text": "It is unlikely employees are aware of each other's political opinions unless the opinions are discussed at work. Therefore, employees' political opinions cannot be the cause of a negative dynamic at the workplace."}, "36863.336": {"id": "36863.336", "parentId": "36863.333", "relation": -1, "votes": null, "text": "Colleagues might be able to view each other's political opinions on social media. That way, they would be aware of their coworkers' opinions even without them being discussed at work."}, "36863.338": {"id": "36863.338", "parentId": "36863.313", "relation": -1, "votes": null, "text": "Many people's political opinions are [rigid](https://www.sciencedaily.com/releases/2019/08/190829081401.htm), which means coworkers might never see eye to eye on them. Hence, a resolution to the conflict would be unlikely."}, "36863.340": {"id": "36863.340", "parentId": "36863.298", "relation": -1, "votes": null, "text": "Many companies already conduct communication training [programs](https://simplifytraining.com/course/effective-communication-for-employees-training/) with their staff. Teaching employees how to manage political conversations can be a part of these programs."}, "36863.342": {"id": "36863.342", "parentId": "36863.298", "relation": -1, "votes": null, "text": "Many people are averse to [conflict](https://www.forbes.com/sites/danpontefract/2019/03/12/why-are-we-so-averse-to-conflict-the-good-fight-explains-why/#208922465fd7). Hence, they will try to avoid unnecessarily heated arguments."}, "36863.344": {"id": "36863.344", "parentId": "36863.112", "relation": -1, "votes": null, "text": "In a survey of 500 employees across the USA, only [24%](https://clutch.co/consulting/legal/resources/political-expression-impact-workplace-culture) believed that it was important to work for a company whose political opinions were similar to theirs."}, "36863.346": {"id": "36863.346", "parentId": "36863.133", "relation": 1, "votes": null, "text": "Countries are either signatories to or have ratified treaties that empower their citizens to freely express themselves."}, "36863.348": {"id": "36863.348", "parentId": "36863.58", "relation": 1, "votes": null, "text": "Almost every country has laws that restrict the spread of [hate speech](https://en.wikipedia.org/wiki/Hate_speech)."}, "36863.352": {"id": "36863.352", "parentId": "36863.252", "relation": -1, "votes": null, "text": "In a face to face conversation about a controversial topic, the discussion is likely to be [heated](https://hbr.org/2017/06/how-to-de-escalate-an-argument-with-a-coworker). People will use whichever arguments they can to support their position. This includes arguments in the realm of politics."}, "36863.354": {"id": "36863.354", "parentId": "36863.143", "relation": 1, "votes": null, "text": "There is a significant lack of [political diversity](https://theundercoverrecruiter.com/political-diversity-in-workplace/) in many companies, particularly in the tech industry. In these circumstances, people are not likely to meet others with different opinions."}, "36863.356": {"id": "36863.356", "parentId": "36863.153", "relation": -1, "votes": null, "text": "There is [ample evidence](https://www.vice.com/en_us/article/533b5z/how-hard-is-to-change-a-mind) suggesting that people are not willing to believe in political opinions that oppose their own. Therefore, there is no meaningful benefit to engaging with different political opinions."}, "36863.256": {"id": "36863.256", "parentId": "36863.225", "relation": 1, "votes": null, "text": "Employers, especially in the [USA](https://www.govdocs.com/do-employees-have-any-privacy-at-work/), have the right to monitor their employees to a very large degree."}, "36863.277": {"id": "36863.277", "parentId": "36863.166", "relation": -1, "votes": [0, 1, 0, 0, 0], "text": "The ban could be expansive enough that it precludes even partially political content."}, "36863.360": {"id": "36863.360", "parentId": "36863.185", "relation": -1, "votes": null, "text": "Just because something is hard to enforce, does not mean that it ought not to be enforced."}, "36863.362": {"id": "36863.362", "parentId": "36863.360", "relation": 1, "votes": null, "text": "It may not always be possible to catch employees slacking on the job, but there should still be rules and punishments regarding said situation."}, "36863.364": {"id": "36863.364", "parentId": "36863.223", "relation": -1, "votes": null, "text": "It is highly unlikely that false complaints, which will be contested by the accused and not verified by other workers, will lead to any punishment."}, "36863.366": {"id": "36863.366", "parentId": "36863.56", "relation": -1, "votes": null, "text": "This only holds true in those workplaces where employees are sympathetic to each others' politics. Where there is disagreement, they are likelier to find their attempts to vent frustrating rather than helpful, consequently increasing overall stress."}, "36863.368": {"id": "36863.368", "parentId": "36863.161", "relation": -1, "votes": null, "text": "Considering productivity to be important and worthy of consideration is not the same as considering it to be a supreme and over-riding value."}, "36863.263": {"id": "36863.263", "parentId": "36863.33", "relation": 1, "votes": null, "text": "People often become familiar, and even good friends with many of their coworkers. Therefore, they are likely to try to have these discussions in productive fashions."}, "36863.324": {"id": "36863.324", "parentId": "36863.346", "relation": 1, "votes": null, "text": "The [European Convention on Human Rights \\(p. 12\\)](https://www.echr.coe.int/Documents/Convention_ENG.pdf) in Article 10 guarantees \"the right to freedom of expression\"."}, "36863.320": {"id": "36863.320", "parentId": "36863.346", "relation": 1, "votes": null, "text": "The [International Covenant on Civil and Political Rights](https://www.ohchr.org/en/professionalinterest/pages/ccpr.aspx), which most countries have signed, includes \"the right to hold opinions without interference\" as well as \"the right to freedom of expression\"."}, "36863.318": {"id": "36863.318", "parentId": "36863.346", "relation": 1, "votes": null, "text": "The [Universal Declaration of Human Rights](https://www.un.org/en/universal-declaration-human-rights/), which all democracies have adopted, declares in Article 19 that everyone \"has the right to freedom of opinion and expression\"."}, "36863.374": {"id": "36863.374", "parentId": "36863.94", "relation": -1, "votes": null, "text": "The fact that a form of behavior is deemed unacceptable does not necessarily translate into support for an outright ban. It might merely describe expectations about behavior."}, "36863.376": {"id": "36863.376", "parentId": "36863.374", "relation": 1, "votes": null, "text": "Some [84%](https://www.pewresearch.org/fact-tank/2014/04/15/whats-morally-acceptable-it-depends-on-where-in-the-world-you-live/) of Americans consider extramarital affairs as morally unacceptable, yet hardly anyone calls for a legal ban and, accordingly, for legal punishment of adultery."}, "36863.378": {"id": "36863.378", "parentId": "36863.206", "relation": -1, "votes": null, "text": "According to a [2017 survey](https://clutch.co/hr/resources/policies-regarding-politics-workplace) of 1000 employees in the US, only a third of them believe their company should have any policy regarding political expression at work at all."}, "36863.380": {"id": "36863.380", "parentId": "36863.135", "relation": 1, "votes": null, "text": "Accordingly, the National Labor Relations Act [only protects](https://www.natlawreview.com/article/demonstrators-midst-handling-political-activity-workplace) political speech at work that has a clear link to work, for example discussions about unionization."}, "36863.382": {"id": "36863.382", "parentId": "36863.236", "relation": -1, "votes": null, "text": "De-facto, many employees have little choice about whether to enter this agreement since they need a job and don't have the freedom to be picky or to negotiate details."}, "36863.384": {"id": "36863.384", "parentId": "36863.58", "relation": -1, "votes": null, "text": "Limitations on the freedom of speech usually cover very specific speech acts - whereas a ban on discussing politics at work would ban speech on a whole topic."}, "36863.386": {"id": "36863.386", "parentId": "36863.206", "relation": 1, "votes": null, "text": "About 60% of Americans agree with the statement that free speech should be limited in places where it could cause offense according to a [2019 survey \\(p. 17\\)](https://campaignforfreespeech.org/wp-content/uploads/2019/10/Free-Speech-Survey-Standard-Banners.pdf)."}, "36863.388": {"id": "36863.388", "parentId": "36863.386", "relation": -1, "votes": null, "text": "The survey asked this question with reference to universities and social media. To generalize from the answers to attitudes about workplace policies is therefore problematic."}, "36863.390": {"id": "36863.390", "parentId": "36863.386", "relation": -1, "votes": null, "text": "The survey implies to respondents through the wording of other questions that it focuses on acts of free speech such as \"racism, radicalism, climate change denial and Holocaust denial\". These issues are more severe than political discussions in general."}, "36863.392": {"id": "36863.392", "parentId": "36863.313", "relation": 1, "votes": null, "text": "Various studies suggest that interactions with people who have different political attitudes leads to bonding through more [political tolerance](https://www.jstor.org/stable/3088064?seq=1), more [empathy and perspective-taking](https://onlinelibrary.wiley.com/doi/abs/10.1002/ejsp.504), and less [prejudice](https://www.ncbi.nlm.nih.gov/pubmed/16737372)."}, "36863.394": {"id": "36863.394", "parentId": "36863.392", "relation": -1, "votes": null, "text": "It is by no means clear whether political discussions at work actually confront employees with colleagues they disagree with - or whether they rather discuss politics only with those they are already in agreement with."}, "36863.396": {"id": "36863.396", "parentId": "36863.374", "relation": 1, "votes": null, "text": "The [majority of Americans](https://www.statista.com/statistics/539660/acceptable-and-unacceptable-behavior/) consider speech acts such as jokes and comments about race and sexuality, both in public and in private, as unacceptable, yet there are no calls for a general ban."}, "36863.403": {"id": "36863.403", "parentId": "36863.384", "relation": -1, "votes": null, "text": "Hate speech laws cover a [wide](https://www.encyclopedia.com/international/encyclopedias-almanacs-transcripts-and-maps/hate-speech) variety of speech acts - yet, governments legislate to restrict them."}, "36863.406": {"id": "36863.406", "parentId": "36863.56", "relation": 1, "votes": null, "text": "56% of men and 43% of women in a [survey](https://www.businesswire.com/news/home/20191211005024/en/Reflektive-Survey-Employees-Talking-Politics-Work) have said that the volatile nature of US politics affects their work performance. Thus, discussing politics at work is likely to aggravate that problem."}, "36863.408": {"id": "36863.408", "parentId": "36863.19", "relation": 1, "votes": null, "text": "In a survey, [26%](https://www.businesswire.com/news/home/20191211005024/en/Reflektive-Survey-Employees-Talking-Politics-Work) of respondents have said that they are unable to have political conversations with their colleagues without the conversation getting intense."}, "36863.410": {"id": "36863.410", "parentId": "36863.376", "relation": 1, "votes": null, "text": "Vote in the Parliament on a law banning extramarital affairs was [delayed](https://www.economist.com/asia/2019/09/20/indonesias-president-delays-a-law-banning-extramarital-sex) by Indonesia's President after a [public outcry](https://www.reuters.com/article/us-indonesia-politics-rights/thousands-rally-against-indonesian-bill-to-ban-extra-marital-sex-idUSKBN1W819X) against it."}, "36863.412": {"id": "36863.412", "parentId": "36863.374", "relation": -1, "votes": null, "text": "Incest is deemed morally unacceptable by people and that has translated into the [criminalization](https://www.criminaldefenselawyer.com/resources/criminal-defense/white-collar-crime/incest-laws-criminal-charges.htm) of relationships based on incest."}, "36863.414": {"id": "36863.414", "parentId": "36863.346", "relation": -1, "votes": null, "text": "States tend to violate international law when it suits their [interests](https://www.americamagazine.org/politics-society/2016/10/12/how-us-violates-international-law-plain-sight). If allowing their citizens to freely express themselves is detrimental to their interests, there is no reason why countries should be bound to the provisions of those treaties."}, "36863.416": {"id": "36863.416", "parentId": "36863.263", "relation": 1, "votes": null, "text": "People would not want to run the risk of ruining their friendships by getting into a heated argument with coworkers."}, "36863.418": {"id": "36863.418", "parentId": "36863.263", "relation": -1, "votes": null, "text": "Many people find it challenging to set [personal boundaries](https://humanparts.medium.com/the-honest-truth-about-why-some-people-cant-set-boundaries-aac273c456fa) in interpersonal relationships. It is possible that a coworker will be unable to communicate to their colleague that a political conversation is offending them. Therefore, the discussion is unlikely to be productive."}, "36863.422": {"id": "36863.422", "parentId": "36863.223", "relation": 1, "votes": null, "text": "Since there is no physical evidence of a face to face conversation, legitimate evidence could very well be the word of one person."}, "36863.424": {"id": "36863.424", "parentId": "36863.418", "relation": -1, "votes": null, "text": "There are many [ways](https://www.theladders.com/career-advice/7-totally-normal-ways-to-set-boundaries-with-your-work-friends) by which friends at work can learn to establish boundaries with one another."}, "36863.426": {"id": "36863.426", "parentId": "36863.382", "relation": 1, "votes": null, "text": "If this policy is applied across the board, there will be no company left who allows politics to be discussed at work. As a result, people will not have the choice to work for a company that doesn't have this policy."}, "36863.428": {"id": "36863.428", "parentId": "36863.382", "relation": -1, "votes": null, "text": "If employees don't think being allowed to discuss politics at work is a big enough issue for them to negotiate, that means they are not losing out on much."}, "36863.431": {"id": "36863.431", "parentId": "36863.360", "relation": 1, "votes": null, "text": "It might be difficult to prove cases of workplace harassment or discrimination. However, that does not mean laws should not be implemented to limit those cases."}, "36863.433": {"id": "36863.433", "parentId": "36863.360", "relation": 1, "votes": null, "text": "If a law bans the discussion of politics at work, that means some employees, if not all, are likely to be deterred from discussing politics out of the fear of punishment if they get caught."}, "36863.435": {"id": "36863.435", "parentId": "36863.13", "relation": 1, "votes": null, "text": "People are likely to be distracted from their work if they discuss politics at the office."}, "36863.437": {"id": "36863.437", "parentId": "36863.273", "relation": 1, "votes": null, "text": "Increased economic growth leads to more [jobs and higher tax revenue](https://www.economicshelp.org/macroeconomics/economic-growth/benefits-growth/) which can be used to benefit people."}, "36863.439": {"id": "36863.439", "parentId": "36863.19", "relation": -1, "votes": null, "text": "Many people are [disillusioned](https://www.theguardian.com/public-leaders-network/2014/apr/01/david-blunkett-involving-people-politics-policymaking) from the political system to the point where they may come across as apathetic. They might take part in political conversations but are unlikely to get into heated arguments about politics."}, "36863.441": {"id": "36863.441", "parentId": "36863.202", "relation": -1, "votes": null, "text": "Many people have political conversations and arguments with people on online forums or social media. If they can have discussions about politics with complete strangers, they can have these discussions with their acquaintances at work."}, "36863.443": {"id": "36863.443", "parentId": "36863.441", "relation": 1, "votes": null, "text": "It has been proven that people are more [comfortable](https://www.pewresearch.org/internet/2019/05/13/more-people-are-comfortable-discussing-politics-in-person-than-on-their-phones-or-via-social-media/) discussing politics in person that online. Therefore, employees are capable of discussing politics with colleagues whom they may not know very well."}, "36863.445": {"id": "36863.445", "parentId": "36863.441", "relation": -1, "votes": null, "text": "People are more afraid of having their opinions rejected by someone they know as opposed to a stranger [online](https://theconversation.com/why-do-people-talk-politics-online-because-they-dont-care-what-you-think-101700). Because of that, employees are more comfortable discussing politics with people online than with a coworker."}, "36863.447": {"id": "36863.447", "parentId": "36863.60", "relation": 1, "votes": null, "text": "Politically uninformed employees are likely to feel unintelligent, which could harm their self-esteem."}, "36863.455": {"id": "36863.455", "parentId": "36863.453", "relation": 1, "votes": null, "text": "In the United Kingdom, the right to free speech [ends](https://www.ukbusinessforums.co.uk/articles/freedom-of-speech-in-the-workplace.773/) - in as well as outside the workplace - where it results in discrimination, harassment or victimization, for example based on age, race, sex or gender."}, "36863.44": {"id": "36863.44", "parentId": "36863.133", "relation": 1, "votes": null, "text": "Politics is an important part of many people's lives. Therefore, they should be allowed to discuss it at work."}, "36863.458": {"id": "36863.458", "parentId": "36863.183", "relation": -1, "votes": null, "text": "The implementation would be consistent in that enforcement would happen whenever an employee sees sufficient reason to complain."}, "36863.460": {"id": "36863.460", "parentId": "36863.183", "relation": -1, "votes": null, "text": "The legal system, to a large degree, relies on the reports of citizens. Yet, abandoning the legal system would be preposterous."}, "36863.462": {"id": "36863.462", "parentId": "36863.435", "relation": -1, "votes": null, "text": "Politics at work can be discussed during downtime and without distracting from work, for example during lunch and coffee breaks, or during the wait times inevitable in most jobs."}, "36863.464": {"id": "36863.464", "parentId": "36863.133", "relation": -1, "votes": null, "text": "Companies do not owe the same level of freedom to their employees that democratic governments do to their citizens. Consequently, workplaces can choose to limit their employees' freedom of expression."}, "36863.466": {"id": "36863.466", "parentId": "36863.435", "relation": -1, "votes": null, "text": "Many jobs don't require all of an employee's attention. For example, manual labor and routine tasks oftentimes allow for conversations without interfering with work."}, "36863.468": {"id": "36863.468", "parentId": "36863.464", "relation": 1, "votes": null, "text": "Companies are answerable to their shareholders whose main objective is to maximize profits for themselves. However, governments are elected by people to safeguard and promote their own interests."}, "36863.474": {"id": "36863.474", "parentId": "36863.149", "relation": -1, "votes": null, "text": "There are currently over [20 million](https://www.washingtonpost.com/business/2020/05/08/april-2020-jobs-report/) people unemployed in the United States, in a situation that is expected to continue and worsen into the future. This would not apply to them."}, "36863.476": {"id": "36863.476", "parentId": "36863.149", "relation": -1, "votes": null, "text": "Part time jobs, which have far less intensive hours, make up somewhere between [15-35% of total employment](https://data.oecd.org/emp/part-time-employment-rate.htm) across western economies."}, "36863.480": {"id": "36863.480", "parentId": "36863.133", "relation": -1, "votes": null, "text": "About [43% of all countries](https://www.pewresearch.org/fact-tank/2019/05/14/more-than-half-of-countries-are-democratic/) - near half - are not democracies, and should not have to be beholden to the norms of democratic countries."}, "36863.482": {"id": "36863.482", "parentId": "36863.183", "relation": 1, "votes": null, "text": "This would be particularly problematic in larger companies with hundreds of employees, where it is extremely difficult to track the many thousands of interactions and discussions which take place on a daily basis."}, "36863.484": {"id": "36863.484", "parentId": "36863.223", "relation": 1, "votes": null, "text": "One [survey](https://www.monster.com/career-advice/article/beware-the-backstabbing-coworkers-hot-jobs) of the advertising industry found that almost one third of respondents felt that colleagues have tried to make them look bad on the job. Consequently, it seems highly likely that workers will attempt to abuse this policy."}, "36863.486": {"id": "36863.486", "parentId": "36863.223", "relation": 1, "votes": null, "text": "Many employees attempt to put down their coworkers so that they can improve their own chances at getting [promotions](https://mscategorymanagement.com/backstabbing-coworkers/)."}, "36863.488": {"id": "36863.488", "parentId": "36863.223", "relation": -1, "votes": null, "text": "Employers are likely to try to take into account the complainant's relationships and motivations before they randomly pass judgement on an employee."}, "36863.490": {"id": "36863.490", "parentId": "36863.488", "relation": -1, "votes": null, "text": "Even in such a case, each fake complaint would still require looking into and being handled, resulting in wasted time and red tape."}, "36863.494": {"id": "36863.494", "parentId": "36863.17", "relation": -1, "votes": null, "text": "Many companies have come to identify with certain [political positions](https://www.vox.com/the-goods/2018/12/17/18139699/companies-nike-patagonia-dicks-politics-kaepernick-trump-ads). It is highly likely that the people they employ will be at least tolerant of these positions. This would in turn create a circumstance in which most people have similar political opinions in such companies, leading to a reduced chance of disagreement."}, "36863.496": {"id": "36863.496", "parentId": "36863.50", "relation": 1, "votes": null, "text": "It is estimated that over [69 million employees](https://www.theguardian.com/business/2018/sep/29/work-productivity-brett-kavanaugh-supreme-court-nomination) were paying attention to the drama, rather than their jobs, over the course of the testimony."}, "36863.498": {"id": "36863.498", "parentId": "36863.435", "relation": 1, "votes": null, "text": "Political discussions are usually interesting and topical, and therefore very likely to draw most people's attention away from work which they perceive as a boring obligation."}, "36863.500": {"id": "36863.500", "parentId": "36863.498", "relation": 1, "votes": null, "text": "A survey found that the majority of employees experience at least [five hours of boredom](https://www.thenational.ae/uae/bored-at-work-survey-says-you-re-not-alone-1.666424) a week in the workplace."}, "36863.502": {"id": "36863.502", "parentId": "36863.360", "relation": -1, "votes": null, "text": "This is only true when defending extremely important principles or preventing highly dangerous harms. In this case, the need to ban political discussion at work is not overpoweringly important, and does not merit the problems which arise from banning it."}, "36863.504": {"id": "36863.504", "parentId": "36863.238", "relation": -1, "votes": null, "text": "History is full of dangerous and unjustified precedents. On its own, something having precedence in the past does not justify it on moral grounds."}, "36863.50": {"id": "36863.50", "parentId": "36863.435", "relation": 1, "votes": null, "text": "Researchers at Challenger, Grey & Christmas calculated that the nomination testimony of Brett Kavanaugh cost U.S. employers [$1.76 billion](https://www.theguardian.com/business/2018/sep/29/work-productivity-brett-kavanaugh-supreme-court-nomination) in lost productivity. If employees had not wasted time discussing the nomination, this cost would not have been incurred."}, "36863.508": {"id": "36863.508", "parentId": "36863.498", "relation": -1, "votes": null, "text": "Many people find their work incredibly [satisfying](https://www.apa.org/monitor/2013/12/job-satisfaction) and rewarding. Even if people discuss politics at work, it is unlikely that they will be distracted from something they find meaningful."}, "36863.350": {"id": "36863.350", "parentId": "36863.17", "relation": -1, "votes": null, "text": "People are likely to have political conversations with colleagues who share [similar political opinions](https://www.psychologytoday.com/us/blog/close-encounters/201812/why-do-we-people-who-are-similar-us). They are likely to avoid such conversations with other coworkers."}, "36863.511": {"id": "36863.511", "parentId": "36863.147", "relation": -1, "votes": null, "text": "Democracy does not rely on the exchange of opinions as much as it does on [intelligent and informed voting](https://www.timesfreepress.com/news/opinion/columns/story/2018/mar/15/daniels-informed-voters-are-key-democracy/465956/). Given that people can still choose to learn about policies and parties, a ban would not harm people's capacity to make good democratic decisions."}, "36863.513": {"id": "36863.513", "parentId": "36863.217", "relation": -1, "votes": null, "text": "Even if it is invasive of their privacy, it is justified on the basis that employers currently use tools which are legal, such as [keyloggers](https://blog.flexispy.com/keyloggers-in-the-workplace/), to monitor their employees' conversations. Since it is legal, it is legitimate."}, "36863.515": {"id": "36863.515", "parentId": "36863.196", "relation": -1, "votes": null, "text": "This position is ultimately speculative - there is no way to know for sure without implementing the ban."}, "36863.517": {"id": "36863.517", "parentId": "36863.143", "relation": -1, "votes": null, "text": "Even if employees broadly agree on most political issues, they might have different opinions on single contentious issues such as abortion, LGBTQ rights, or foreign policy which could easily blow up into hostile discussions."}, "36863.519": {"id": "36863.519", "parentId": "36863.333", "relation": 1, "votes": null, "text": "Most employees are unlikely to have ever met their coworkers before they start the job, and are therefore unlikely to have any prior knowledge of them."}, "36863.521": {"id": "36863.521", "parentId": "36863.331", "relation": -1, "votes": null, "text": "It is entirely possible for a team's dynamics to have initially been positive, but to have soured after political opinions were first introduced into the mix."}, "36863.523": {"id": "36863.523", "parentId": "36863.102", "relation": -1, "votes": null, "text": "This is no different than having your political opinion changed by a group of friends who think differently than you do. There is nothing unique about co-workers being compelled to change their political leanings because of peer pressure."}, "36863.525": {"id": "36863.525", "parentId": "36863.298", "relation": 1, "votes": null, "text": "Having these conversations in a productive fashion requires employees to be actively interested in being empathetic, respectful, and open-minded, all of which takes a great deal of mental and emotional effort. There is no reason to suspect that the majority of employees will be interested in making this effort."}, "36863.528": {"id": "36863.528", "parentId": "36863.64", "relation": 1, "votes": null, "text": "Issues such as dress codes, their interpretation, and disputes about their enforcement can be a [source of disagreement](https://www.thebalancecareers.com/tough-questions-about-implementing-your-dress-code-1917932)."}, "36863.530": {"id": "36863.530", "parentId": "36863.64", "relation": 1, "votes": null, "text": "People often disagree on issues of which [approach to work](https://www.atlasstaffing.net/blog/6-common-workplace-conflicts-and-how-to-deal-with-them) is the most effective."}, "36863.532": {"id": "36863.532", "parentId": "36863.298", "relation": 1, "votes": null, "text": "Employees who feel that their political beliefs are in a majority in the workplace will feel secure and will not feel the need to bother with being delicate in their political discussions with the few employees who disagree."}, "36863.534": {"id": "36863.534", "parentId": "36863.494", "relation": 1, "votes": null, "text": "Conservatives are unlikely to seek employment at an openly liberal company, and vice versa."}, "36863.536": {"id": "36863.536", "parentId": "36863.200", "relation": 1, "votes": null, "text": "Many major forms of gender discrimination such as stereotyping, pregnancy discrimination, and gender-identity discrimination are considered very [hard to prove](https://www.lawyers.com/legal-info/labor-employment-law/employment-discrimination/how-to-prove-gender-discrimination-in-the-workplace.html)."}, "36863.538": {"id": "36863.538", "parentId": "36863.534", "relation": 1, "votes": null, "text": "When people were asked in a survey if they would work for a company after being told it was conservative, they became [43.9%](https://hbr.org/2020/02/how-do-consumers-feel-when-companies-get-political) less likely to apply there."}, "36863.540": {"id": "36863.540", "parentId": "36863.538", "relation": -1, "votes": null, "text": "However, the same trend did not apply when a company was identified as [liberal](https://hbr.org/2020/02/how-do-consumers-feel-when-companies-get-political), implying that there is some other logic at work here than simple partisanship."}, "36863.206": {"id": "36863.206", "parentId": "36863.131", "relation": -1, "votes": null, "text": "Since employees generally support the ban, a ban on discussing politics at work would be democratic."}, "36863.545": {"id": "36863.545", "parentId": "36863.428", "relation": -1, "votes": null, "text": "Most people are not in a position in which they can negotiate with a prospective employer over whether they are allowed to discuss politics at work, since they need a job."}, "36863.553": {"id": "36863.553", "parentId": "36863.19", "relation": 1, "votes": null, "text": "Certain people cannot discuss politics with anyone having a different opinion without taking it personally."}, "36863.557": {"id": "36863.557", "parentId": "36863.11", "relation": -1, "votes": [0, 0, 0, 1, 0], "text": "Only uncivil discourse creates a hostile work environment. Civil discourse of disagreement promotes civil behavior and eliminates hostility."}, "36863.559": {"id": "36863.559", "parentId": "36863.52", "relation": -1, "votes": null, "text": "Having a majority \\(75%\\) of people pander to a minority \\(25%\\) because they are \u201cstressed\u201d is antithetical to core values of free speech."}, "36863.563": {"id": "36863.563", "parentId": "36863.13", "relation": -1, "votes": null, "text": "Through political discussions, employees could navigate how political parties or future policies could affect the business they work for."}, "36863.565": {"id": "36863.565", "parentId": "36863.13", "relation": -1, "votes": null, "text": "Discussing sports, restaurants, or what everyone did over the weekend might lower productivity. However, no one would suggest banning those discussions."}, "36863.567": {"id": "36863.567", "parentId": "36863.206", "relation": -1, "votes": null, "text": "Democracy is a system that fails to secure individual rights. Individual rights are a [basic tenet](https://www.founderoftheday.com/founder-of-the-day/federalist-51) of the American system of government. Therefore, a \"democratic\" ban would violate individual rights."}, "36863.579": {"id": "36863.579", "parentId": "36863.3", "relation": -1, "votes": [2, 0, 0, 0, 0], "text": "Banning people from exercising their right to the [first amendment](https://www.law.cornell.edu/constitution/first_amendment) is unconstitutional.", "score": 0.0, "volume": 2}, "36863.581": {"id": "36863.581", "parentId": "36863.435", "relation": -1, "votes": null, "text": "People are likely to be distracted from their work no matter the subject matter."}, "36863.583": {"id": "36863.583", "parentId": "36863.579", "relation": -1, "votes": null, "text": "Private companies are not subject to the constitution, and thus, prohibiting employees from engaging in political discussion would not be unconstitutional."}, "36863.585": {"id": "36863.585", "parentId": "36863.254", "relation": 1, "votes": null, "text": "Stress and health may lead to lower workplace performance."}, "36863.587": {"id": "36863.587", "parentId": "36863.583", "relation": 1, "votes": null, "text": "In Community Access Corp. v. Halleck, the Supreme Court ruled that freedom of speech did not apply to private companies, so companies can create their own speech policies."}}